"SunSteel";"poutoissoujutei-8187@yopmail.com";"Pa$$w0rd";"C.Byers";"Louise";107892910,4;1
"DogDocteur";"youpi@yopmail.com";"Pa$$w0rd";Stewart;"Arthur";619606781,3;1
"NinjaBurger";"wugakageukeu-1868@yopmail.com";"Pa$$w0rd";"Negrete";John";146936181,8;1
"TyraRiver";"pauwallupuxi-2011@yopmail.com";"Pa$$w0rd";Cardillo";"Dorothy";853378035,5;1
"AlphaRiku";"frifroinnedeuffau-3049@yopmail.com";"Pa$$w0rd";"Sisco";"Michael;533380075,9;1
"GameFlamme";"frettesixeuquei-3087@yopmail.com";"Pa$$w0rd";"McGill";"Zoila";58778585,83;1
"BeauMoi";"praluffeinnitro-4307@yopmail.com";"Pa$$w0rd";"Watters";"Kelvin";894448057;1
"RoxxorReality";"tewettuzeyu-6694@yopmail.com";"Pa$$w0rd";"Morgan";"Rose";407116523;1
"MiniDragon";"cremoifaunnoika-4920@yopmail.com";"Pa$$w0rd";"Bingham";"Jim";615689626;1
"Dr.Phantom";"fiyeippidado-4295@yopmail.com";"Pa$$w0rd";"Carter";"Yoshiko";8914753851;1
"RedLuck";"gregrouttauloxo-8535@yopmail.com";"Pa$$w0rd";"Davis";"Aaron";3110126197;1