"SunSteel";"poutoissoujutei-8187@yopmail.com";"Pa$$w0rd";"C.Byers";"Louise";107892910,4;"Nantes"
"DogDocteur";"youpi@yopmail.com";"Pa$$w0rd";Stewart;"Arthur";619606781,3;"Nantes"
"NinjaBurger";"wugakageukeu-1868@yopmail.com";"Pa$$w0rd";"Negrete";John";146936181,8;"Nantes"
"TyraRiver";"pauwallupuxi-2011@yopmail.com";"Pa$$w0rd";Cardillo";"Dorothy";853378035,5;"Rennes"
"AlphaRiku";"frifroinnedeuffau-3049@yopmail.com";"Pa$$w0rd";"Sisco";"Michael;533380075,9;"Nantes"
"GameFlamme";"frettesixeuquei-3087@yopmail.com";"Pa$$w0rd";"McGill";"Zoila";58778585,83;"Rennes"
"BeauMoi";"praluffeinnitro-4307@yopmail.com";"Pa$$w0rd";"Watters";"Kelvin";894448057;"Nantes"
"RoxxorReality";"tewettuzeyu-6694@yopmail.com";"Pa$$w0rd";"Morgan";"Rose";407116523;"Rennes"
"MiniDragon";"cremoifaunnoika-4920@yopmail.com";"Pa$$w0rd";"Bingham";"Jim";615689626;"Nantes"
"Dr.Phantom";"fiyeippidado-4295@yopmail.com";"Pa$$w0rd";"Carter";"Yoshiko";8914753851;"Nantes"
"RedLuck";"gregrouttauloxo-8535@yopmail.com";"Pa$$w0rd";"Davis";"Aaron";3110126197;"Rennes"